abn,abn_status,trading_name,current_name,score,state,postcode,current_address
74351705165,Cancelled,A & C,Y,100,NSW,2065,Y
56037342432,Active,A & C Company Pty Ltd,Y,100,QLD,4161,Y
86552201042,Active,A & C Corp,,100,NSW,2234,Y
81160984896,Active,A & C PTY LTD,Y,100,NSW,2533,Y
29036895892,Active,A AND C,Y,100,QLD,4114,Y
74660929598,Cancelled,A AND C & CO,N,100,VIC,3666,Y
20634215222,Active,A AND C CO. PTY. LTD.,Y,100,QLD,4005,Y
65569230053,Cancelled,A&C,Y,100,NSW,2125,Y
71806779049,Active,A&C,N,100,ACT,2615,Y
84748175197,Cancelled,A&C,N,100,NSW,2164,Y
62524032903,Cancelled,A&C,,100,VIC,3145,Y
12073803353,Cancelled,A. & C. PTY. LTD.,Y,100,VIC,3170,Y
42055788353,Cancelled,A. C. PTY. LTD.,Y,100,VIC,3074,Y
74120576271,Active,AC,N,100,VIC,3079,Y
66073689077,Active,AC,,100,NSW,2145,Y
87680877176,Cancelled,AC,Y,100,WA,6059,Y
33225447511,Cancelled,AC,Y,100,NSW,2000,Y
59123632744,Active,AC & Co Pty Ltd,Y,100,VIC,3500,Y
25652121536,Active,AC CO PTY LTD,Y,100,VIC,3975,Y
64105382278,Cancelled,AC CORP PTY LTD,Y,100,VIC,3103,Y
99878345958,Cancelled,AC Limited,Y,100,NSW,2100,Y
71992012366,Cancelled,AC TA JJ & S VASSALLO,N,100,QLD,4741,Y
19532683710,Active,THE AC & TA VASSALLO SUPER FUND,Y,100,QLD,4741,Y
32409788014,Cancelled,a and c and sons,Y,100,QLD,4053,Y
68573325534,Cancelled,ac,Y,100,NSW,2060,Y
91984226293,Cancelled,ac,Y,100,WA,6157,Y
15124978810,Active,A & C (AUST) PTY LTD,Y,97,WA,6020,Y
56063336336,Cancelled,A & C ABELA PTY LTD,Y,97,VIC,3223,Y
58927286098,Active,A & C ACCOUNTANTS,Y,97,NSW,2000,Y
19164880611,Cancelled,A & C ALAAN PTY LTD,Y,97,VIC,3023,Y
78243100847,Cancelled,A & C ALEXIADIS,N,97,QLD,4171,Y
14034170639,Cancelled,A & C ANDREACCHIO,Y,97,NSW,2222,Y
31112321799,Cancelled,A & C ANDREATA,N,97,VIC,3820,Y
35169742367,Active,A & C ASSOCIATES PTY LTD,Y,97,NSW,2154,Y
29505409283,Cancelled,A & C AUSTEN,N,97,VIC,3237,Y
52096394071,Cancelled,A & C AUSTRALIA PTY LTD,Y,97,VIC,3805,Y
94601063085,Cancelled,A & C AUSTRALIA PTY LTD,Y,97,NSW,2761,Y
22188479164,Cancelled,A & C AZAR,,97,WA,6061,Y
18154497275,Cancelled,A & C Assets Pty Ltd,Y,97,VIC,3851,Y
80122032705,Cancelled,A & C Atkinson,,97,TAS,7020,Y
26193814517,Cancelled,A & C Automobile,,97,QLD,4122,Y
49780491146,Active,A & C Aviation Pty Ltd,Y,97,VIC,3121,Y
73487011578,Active,A & C Azar,Y,97,WA,6061,Y
34893235756,Cancelled,A & C BACKHOE,Y,97,VIC,3714,Y
55954800176,Active,A & C BALASSONE,Y,97,VIC,3106,Y
92414760489,Active,A & C BALL,N,97,VIC,3844,Y
76057958965,Cancelled,A & C BARCA,Y,97,VIC,3564,Y
57029169860,Cancelled,A & C BARNARD,Y,97,QLD,4556,Y
18007081665,Cancelled,A & C BASETTI PTY LTD,N,97,VIC,3015,Y
75107378800,Cancelled,A & C BEAUMONT,Y,97,QLD,4207,Y
19044091353,Cancelled,A & C BEAUMONT,N,97,NSW,2261,Y
64086939059,Active,A & C BEAUMONT PTY LTD,Y,97,NSW,2261,Y
98621279169,Active,A & C BEAUTY PTY LTD,Y,97,NSW,2134,Y
49789942129,Active,A & C BELCASTRO,N,97,NSW,2158,Y
96514673694,Active,A & C BENSTEAD,Y,97,NSW,2641,Y
12613417366,Active,A & C BETHUNE,Y,97,VIC,3818,Y
51606271473,Cancelled,A & C BILLINGTON,Y,97,VIC,3305,Y
95095978868,Active,A & C BINS PTY LTD,N,97,NSW,2750,Y
77471918472,Cancelled,A & C BISCOTTO,Y,97,WA,6169,Y
98606353299,Active,A & C BLACKETT PTY LTD,Y,97,WA,6055,Y
68972232725,Active,A & C BOGOTTO,N,97,QLD,4850,Y
18398252720,Active,A & C BOOKS,Y,97,VIC,3781,Y
42406513989,Cancelled,A & C BORBON,N,97,NSW,2768,Y
69839629217,Cancelled,A & C BORRELLI,Y,97,QLD,4311,Y
98001001289,Active,A & C BOWER PTY LTD,Y,97,NSW,2283,Y
76558101609,Cancelled,A & C BOWERS,Y,97,WA,6395,Y
87827580942,Active,A & C BOWERS,,97,WA,6395,Y
34092200587,Active,A & C BOYD PTY. LTD.,Y,97,VIC,3097,Y
88624272863,Active,A & C BRANSON,Y,97,VIC,3559,Y
56752634462,Cancelled,A & C BREED,Y,97,NSW,2456,Y
14256314425,Cancelled,A & C BRICKLAYERS,Y,97,NSW,2750,Y
45424808037,Cancelled,A & C BRICKLAYERS,,97,NSW,2428,Y
30095284709,Cancelled,A & C BRICKLAYING,N,97,WA,6000,Y
82982135362,Cancelled,A & C BRIGGS,N,97,VIC,3337,Y
39088063788,Cancelled,A & C BRIGHT & CO,Y,97,NSW,2224,Y
61058346839,Active,A & C BRINKMAN PTY LIMITED,Y,97,NSW,2754,Y
61141918401,Cancelled,A & C BROADLEY,N,97,VIC,3064,Y
78660627848,Cancelled,A & C BROOKS,Y,97,NSW,2107,Y
83838167575,Cancelled,A & C BRUINSMA,Y,97,QLD,4132,Y
90050367681,Cancelled,A & C BUELER,Y,97,VIC,3099,Y
98250051952,Active,A & C BUILDERS,,97,VIC,3429,Y
11512400480,Active,A & C BURCIU,N,97,WA,6163,Y
20239981871,Active,A & C BURGESS,Y,97,NSW,2282,Y
74621921711,Cancelled,A & C BUTCHER PTY LTD,Y,97,VIC,3073,Y
43001657995,Active,A & C BUTTIGIEG,Y,97,NSW,2765,Y
83629699231,Active,A & C Barbaro,Y,97,SA,5033,Y
77978419556,Active,A & C Barlow,Y,97,NSW,2795,Y
35046275778,Cancelled,A & C Bins,Y,97,NSW,2748,Y
50108631072,Cancelled,A & C Blinds Pty Ltd,Y,97,NSW,2147,Y
43538018693,Cancelled,A & C Bookkeeping,N,97,NSW,2800,Y
34347370017,Active,A & C Butchery,,97,NSW,2128,Y
71099906322,Active,A & C CABINETWORKS PTY LIMITED,N,97,NSW,2156,Y
42945841291,Cancelled,A & C CAKES,N,97,NSW,2223,Y
19803076603,Active,A & C CAMPAGNA,Y,97,NSW,2122,Y
37942070335,Active,A & C CANALE,N,97,NSW,2450,Y
21006035963,Active,A & C CANNATELLI PTY LTD,N,97,VIC,3630,Y
67277291190,Cancelled,A & C CANZIRRI,N,97,WA,6033,Y
41781516020,Cancelled,A & C CARBONE,N,97,WA,6163,Y
95906811236,Active,A & C CARDOSO,Y,97,VIC,3212,Y
18194057869,Active,A & C CARNEVALE,N,97,NSW,2775,Y
12001739251,Cancelled,A & C CARNEVALE PTY LIMITED,Y,97,NSW,2164,Y
54641610566,Cancelled,A & C CARPENTRY,Y,97,NSW,2261,Y
21697043951,Active,A & C CARRIERS,,97,QLD,4124,Y
87561576995,Active,A & C CASEY,Y,97,NSW,2730,Y
27447889112,Active,A & C CASEY,Y,97,WA,6280,Y
54626938421,Active,A & C CASKA COMPANY PTY LTD,Y,97,NSW,2260,Y
48005953033,Active,A & C CASUSCELLI PTY LTD,Y,97,VIC,3616,Y
17285360650,Cancelled,A & C CATANIA,Y,97,VIC,3909,Y
70620721537,Active,A & C CAVANAGH,Y,97,VIC,3885,Y
51513987854,Cancelled,A & C CAVLOVIC & CO,Y,97,WA,6743,Y
24692937432,Cancelled,A & C CERATO,Y,97,VIC,3939,Y
34010754202,Cancelled,A & C CHEMICALS PTY LTD,Y,97,QLD,4504,Y
46105269618,Cancelled,A & C CHUA PTY LTD,Y,97,WA,6004,Y
49532176552,Cancelled,A & C CIFTCI,Y,97,VIC,3500,Y
86490197291,Cancelled,A & C CIOFFI,N,97,SA,5070,Y
17654578775,Active,A & C CIVIL PTY LTD,Y,97,VIC,3240,Y
76164928705,Cancelled,A & C CIVILCRETE PTY LTD,Y,97,QLD,4118,Y
85521699185,Cancelled,A & C CLARIZIA,N,97,SA,5009,Y
45095955025,Active,A & C CLASSIC PTY LTD,Y,97,NSW,2322,Y
51135830121,Active,A & C CLEANING,Y,97,QLD,4306,Y
44905820410,Active,A & C CLEARVIEW,Y,97,NSW,2179,Y
88084771148,Cancelled,A & C CLEMENT PTY LIMITED,Y,97,NSW,2305,Y
77809032702,Active,A & C COHEN,Y,97,VIC,3162,Y
53188127704,Active,A & C COLEMAN & CO,Y,97,SA,5214,Y
82897985169,Active,A & C COLLECTIONS,N,97,WA,6064,Y
83092602189,Cancelled,A & C CONCRETING PTY LIMITED,Y,97,NSW,2766,Y
61132590106,Cancelled,A & C CONSOLIDATORS PTY LTD,Y,97,NSW,2032,Y
58002078453,Active,A & C CONSTRUCTIONS PTY LTD,Y,97,NSW,2650,Y
79135271788,Cancelled,A & C CONSULTANCIES PTY LTD,Y,97,NSW,2049,Y
30075453468,Active,A & C CONSULTANTS PTY LTD,Y,97,WA,6152,Y
56184645970,Active,A & C CONSULTING,Y,97,NSW,2773,Y
45079433444,Active,A & C CONSULTING PTY LTD,Y,97,WA,6027,Y
68639271597,Active,A & C CONVEYANCING PTY LTD,Y,97,NSW,2260,Y
62441545737,Cancelled,A & C COSTA,Y,97,SA,5011,Y
12186810109,Cancelled,A & C COX,Y,97,SA,5381,Y
72635715122,Cancelled,A & C CRAFT,Y,97,VIC,3150,Y
90856234009,Cancelled,A & C CREIGHTON,Y,97,NSW,2750,Y
45262363801,Active,A & C CRESPAN,Y,97,VIC,3630,Y
25936693901,Cancelled,A & C CRISTALDI,Y,97,QLD,4740,Y
29013012637,Active,A & C CRISTIANO,Y,97,VIC,3046,Y
62946388050,Active,A & C CUMMING,Y,97,NSW,2701,Y
39659335605,Active,A & C CURCURUTO,Y,97,QLD,4870,Y
40514371167,Active,A & C CURTONI,Y,97,SA,5070,Y
51167051149,Active,A & C CUTCLIFFE PTY LTD,N,97,NSW,2041,Y
40592935460,Active,A & C Campbell,Y,97,VIC,3885,Y
26164283283,Cancelled,A & C Charters,N,97,WA,6006,Y
70027889314,Cancelled,A & C Cheney,Y,97,NSW,2619,Y
30102175627,Cancelled,A & C Chukwok,Y,97,VIC,3840,Y
36070985017,Cancelled,A & C Cleaners,Y,97,QLD,4650,Y
79809286813,Cancelled,A & C Cleaning,N,97,QLD,4500,Y
42858275139,Active,A & C Clothing,N,97,SA,5110,Y
72809940894,Active,A & C Connections,Y,97,NSW,2163,Y
16556676026,Active,A & C Contracting,Y,97,QLD,4306,Y
94367038161,Cancelled,A & C Conway,Y,97,TAS,7116,Y
88153350586,Active,A & C Counselling Pty Ltd,Y,97,ACT,2611,Y
16179443431,Cancelled,A & C Curnow,Y,97,NSW,2251,Y
43686187927,Cancelled,A & C D'ASPROMONTE,N,97,VIC,3073,Y
56765995153,Active,A & C D'URSO,N,97,QLD,4850,Y
58515645745,Cancelled,A & C DALI,N,97,NSW,2173,Y
90446302658,Cancelled,A & C DANDO,N,97,VIC,3350,Y
59103355193,Active,A & C DANG PTY LTD,Y,97,VIC,3171,Y
56001669469,Cancelled,A & C DAWSON PTY LTD,Y,97,NSW,2213,Y
20006269692,Cancelled,A & C DE CORRADO PTY LTD,Y,97,VIC,3941,Y
52002706176,Active,A & C DE COSTA PTY LTD,Y,97,QLD,4870,Y
83532045625,Cancelled,A & C DE GAETANI,Y,97,WA,6062,Y
58963583748,Active,A & C DE MARIA,Y,97,VIC,3501,Y
69012893315,Cancelled,A & C DE ROSA,Y,97,WA,6163,Y
62630927717,Cancelled,A & C DE STEFANO,N,97,WA,6110,Y
70753637224,Cancelled,A & C DE ZEN,Y,97,QLD,4872,Y
91807949297,Active,A & C DEFENDINI.,Y,97,VIC,3124,Y
92084362041,Cancelled,A & C DEMAIO PTY. LTD.,Y,97,VIC,3028,Y
86973314480,Active,A & C DEPASQUALE PTY LTD,Y,97,VIC,3030,Y
99658688619,Active,A & C DEROSA,N,97,WA,6167,Y
29643618633,Active,A & C DESIGN PTY LTD,Y,97,QLD,4000,Y
77435110922,Active,A & C DI MARZIO,N,97,QLD,4806,Y
25233296407,Cancelled,A & C DICARLO,N,97,QLD,4109,Y
54538416944,Active,A & C DICARLO,Y,97,WA,6109,Y
51699505352,Cancelled,A & C DIFAZIO,N,97,NSW,2147,Y
38091512764,Cancelled,A & C DIRITO,Y,97,VIC,3185,Y
92286597089,Cancelled,A & C DONATO,N,97,VIC,3127,Y
37613147694,Active,A & C DORMER PTY LIMITED,Y,97,NSW,2300,Y
15232032465,Cancelled,A & C DOWLING,Y,97,SA,5042,Y
53102682440,Active,A & C DOWLING PTY LTD,Y,97,TAS,7209,Y
52285544849,Cancelled,A & C DRAYSON,Y,97,WA,6564,Y
36578005031,Cancelled,A & C DUNN,N,97,NSW,2322,Y
17564981597,Cancelled,A & C Dalby,,97,NSW,2850,Y
18875676639,Active,A & C Daraxoglou,Y,97,VIC,3478,Y
20867365519,Cancelled,A & C Decker,Y,97,NSW,2515,Y
45993480245,Cancelled,A & C Denny,Y,97,VIC,3910,Y
60201164523,Cancelled,A & C Detailing,N,97,NSW,2464,Y
15552144854,Cancelled,A & C EBENESTELLI,Y,97,QLD,4376,Y
73874575259,Active,A & C EDSALL AS TRUSTEES FOR THE A & C EDSALL SUPERANNUATION FUND,Y,97,VIC,3792,Y
76636778270,Cancelled,A & C EDWARD,Y,97,NT,0836,Y
84784770247,Active,A & C EDWARDS,,97,NSW,2233,Y
23086883374,Active,A & C ELECTRICAL PTY LTD,Y,97,VIC,3083,Y
30917622559,Cancelled,A & C ELJARI,Y,97,VIC,3109,Y
76132258181,Active,A & C ELTON,Y,97,NSW,2549,Y
47617078194,Cancelled,A & C ENGINEERING,Y,97,VIC,3195,Y
37158365073,Active,A & C ENGINEERING,,97,VIC,3199,Y
11374027343,Cancelled,A & C ENGINEERING,N,97,VIC,3199,Y
99648182978,Active,A & C ENSBEY PTY LTD,Y,97,NSW,2460,Y
